kode_pro,kode_kab,nama_wilayah,tingkat_label,Jml_rev_paud,Jml_revi_sd,Jml_rev_smp,Jml_rev_sma,total_jml_rev_sekolah,anggaran_rev_paud,anggaran_rev_sd,anggaran_rev_smp,anggaran_rev_sma,total_anggaran_rev
11,0,ACEH,provinsi,0,0,0,0,0,0,0,0,0,0
12,0,SUMATERA UTARA,provinsi,0,0,0,0,0,0,0,0,0,0
13,0,SUMATERA BARAT,provinsi,0,0,0,0,0,0,0,0,0,0
14,0,RIAU,provinsi,0,0,0,0,0,0,0,0,0,0
15,0,JAMBI,provinsi,0,0,0,0,0,0,0,0,0,0
16,0,SUMATERA SELATAN,provinsi,0,0,0,0,0,0,0,0,0,0
17,0,BENGKULU,provinsi,0,0,0,0,0,0,0,0,0,0
18,0,LAMPUNG,provinsi,0,0,0,0,0,0,0,0,0,0
19,0,KEPULAUAN BANGKA BELITUNG,provinsi,0,0,0,0,0,0,0,0,0,0
21,0,KEPULAUAN RIAU,provinsi,0,0,0,0,0,0,0,0,0,0
31,0,DKI JAKARTA,provinsi,0,0,0,0,0,0,0,0,0,0
32,0,JAWA BARAT,provinsi,0,0,0,0,0,0,0,0,0,0
33,0,JAWA TENGAH,provinsi,0,0,0,0,0,0,0,0,0,0
34,0,DAERAH ISTIMEWA YOGYAKARTA,provinsi,0,0,0,0,0,0,0,0,0,0
35,0,JAWA TIMUR,provinsi,0,0,0,0,0,0,0,0,0,0
36,0,BANTEN,provinsi,0,0,0,0,0,0,0,0,0,0
51,0,BALI,provinsi,0,0,0,0,0,0,0,0,0,0
52,0,NUSA TENGGARA BARAT,provinsi,0,0,0,0,0,0,0,0,0,0
53,0,NUSA TENGGARA TIMUR,provinsi,0,0,0,0,0,0,0,0,0,0
61,0,KALIMANTAN BARAT,provinsi,0,0,0,0,0,0,0,0,0,0
62,0,KALIMANTAN TENGAH,provinsi,0,0,0,0,0,0,0,0,0,0
63,0,KALIMANTAN SELATAN,provinsi,0,0,0,0,0,0,0,0,0,0
64,0,KALIMANTAN TIMUR,provinsi,0,0,0,0,0,0,0,0,0,0
65,0,KALIMANTAN UTARA,provinsi,0,0,0,0,0,0,0,0,0,0
71,0,SULAWESI UTARA,provinsi,0,0,0,0,0,0,0,0,0,0
72,0,SULAWESI TENGAH,provinsi,0,0,0,0,0,0,0,0,0,0
73,0,SULAWESI SELATAN,provinsi,0,0,0,0,0,0,0,0,0,0
74,0,SULAWESI TENGGARA,provinsi,0,0,0,0,0,0,0,0,0,0
75,0,GORONTALO,provinsi,0,0,0,0,0,0,0,0,0,0
76,0,SULAWESI BARAT,provinsi,0,0,0,0,0,0,0,0,0,0
81,0,MALUKU,provinsi,0,0,0,0,0,0,0,0,0,0
82,0,MALUKU UTARA,provinsi,0,0,0,0,0,0,0,0,0,0
91,0,PAPUA,provinsi,0,0,0,0,0,0,0,0,0,0
92,0,PAPUA BARAT,provinsi,0,0,0,0,0,0,0,0,0,0
93,0,PAPUA SELATAN,provinsi,0,0,0,0,0,0,0,0,0,0
94,0,PAPUA TENGAH,provinsi,0,0,0,0,0,0,0,0,0,0
95,0,PAPUA PEGUNUNGAN,provinsi,0,0,0,0,0,0,0,0,0,0
96,0,PAPUA BARAT DAYA,provinsi,0,0,0,0,0,0,0,0,0,0
11,1101,ACEH SELATAN,kabupaten,1,7,4,4,12,"  17,760,892 ","  113,871,688 ","  67,722,772 ","  62,663,496 ","  262,018,848 "
11,1102,ACEH TENGGARA,kabupaten,3,10,3,3,16,"  44,614,317 ","  180,444,640 ","  48,907,764 ","  44,456,598 ","  318,423,319 "
11,1103,ACEH TIMUR,kabupaten,1,9,4,3,14,"  14,058,965 ","  162,132,642 ","  70,565,880 ","  49,026,657 ","  295,784,144 "
11,1104,ACEH TENGAH,kabupaten,3,9,3,6,15,"  52,243,602 ","  155,205,990 ","  44,599,173 ","  102,591,702 ","  354,640,467 "
11,1105,ACEH BARAT,kabupaten,1,7,3,6,11,"  14,155,127 ","  98,420,945 ","  51,110,544 ","  98,428,554 ","  262,115,170 "
11,1106,ACEH BESAR,kabupaten,3,8,3,2,14,"  46,241,565 ","  132,632,808 ","  48,235,995 ","  34,290,650 ","  261,401,018 "
11,1107,PIDIE,kabupaten,1,7,6,6,14,"  16,496,342 ","  105,112,301 ","  105,195,018 ","  87,346,614 ","  314,150,275 "
11,1108,ACEH UTARA,kabupaten,3,8,6,2,17,"  46,096,293 ","  137,172,240 ","  95,242,212 ","  30,130,742 ","  308,641,487 "
11,1109,SIMEULUE,kabupaten,2,8,4,4,14,"  33,630,660 ","  117,925,496 ","  73,908,112 ","  72,423,740 ","  297,888,008 "
11,1110,ACEH SINGKIL,kabupaten,2,6,6,3,14,"  32,485,802 ","  96,024,546 ","  93,444,822 ","  52,992,783 ","  274,947,953 "
11,1111,BIREUEN,kabupaten,1,9,6,3,16,"  16,064,979 ","  138,420,315 ","  94,908,768 ","  42,962,418 ","  292,356,480 "
11,1112,ACEH BARAT DAYA,kabupaten,3,6,4,2,13,"  52,543,986 ","  91,535,754 ","  70,760,676 ","  32,489,030 ","  247,329,446 "
11,1113,GAYO LUES,kabupaten,1,10,5,6,16,"  14,831,043 ","  185,009,150 ","  74,254,510 ","  112,053,462 ","  386,148,165 "
11,1114,ACEH JAYA,kabupaten,1,10,5,6,16,"  14,520,656 ","  186,613,800 ","  77,762,065 ","  93,681,492 ","  372,578,013 "
11,1115,NAGAN RAYA,kabupaten,2,10,4,5,16,"  36,671,504 ","  165,035,250 ","  75,402,120 ","  81,290,780 ","  358,399,654 "
11,1116,ACEH TAMIANG,kabupaten,1,8,6,6,15,"  18,703,184 ","  137,021,408 ","  105,955,512 ","  101,709,630 ","  363,389,734 "
11,1117,BENER MERIAH,kabupaten,1,6,6,4,13,"  17,165,257 ","  111,946,314 ","  88,275,630 ","  61,810,144 ","  279,197,345 "
11,1118,PIDIE JAYA,kabupaten,3,8,3,6,14,"  47,061,549 ","  117,198,408 ","  45,403,620 ","  89,503,254 ","  299,166,831 "
11,1171,KOTA BANDA ACEH,kabupaten,1,9,3,2,13,"  17,049,746 ","  165,033,063 ","  52,321,542 ","  33,309,156 ","  267,713,507 "
11,1172,KOTA SABANG,kabupaten,1,7,4,6,12,"  14,140,530 ","  131,558,987 ","  57,856,580 ","  84,052,338 ","  287,608,435 "
11,1173,KOTA LHOKSEUMAWE,kabupaten,3,6,3,2,12,"  54,683,559 ","  95,702,862 ","  46,839,888 ","  33,660,226 ","  230,886,535 "
11,1174,KOTA LANGSA,kabupaten,3,7,5,5,15,"  56,829,000 ","  98,378,056 ","  70,689,145 ","  80,678,510 ","  306,574,711 "
11,1175,KOTA SUBULUSSALAM,kabupaten,2,7,3,6,12,"  37,528,058 ","  102,073,328 ","  50,439,186 ","  90,800,694 ","  280,841,266 "
12,1201,TAPANULI TENGAH,kabupaten,2,10,6,3,18,"  32,261,200 ","  158,093,990 ","  101,029,596 ","  46,689,966 ","  338,074,752 "
12,1202,TAPANULI UTARA,kabupaten,1,7,4,6,12,"  18,190,342 ","  106,144,423 ","  61,375,088 ","  100,353,090 ","  286,062,943 "
12,1203,TAPANULI SELATAN,kabupaten,1,9,4,2,14,"  15,723,693 ","  146,380,059 ","  72,442,664 ","  34,813,752 ","  269,360,168 "
12,1204,NIAS,kabupaten,2,9,3,3,14,"  31,931,042 ","  131,691,438 ","  50,309,994 ","  56,717,826 ","  270,650,300 "
12,1205,LANGKAT,kabupaten,3,6,3,3,12,"  51,378,216 ","  108,850,320 ","  54,149,811 ","  45,440,691 ","  259,819,038 "
12,1206,KARO,kabupaten,2,6,3,2,11,"  33,272,416 ","  103,528,572 ","  55,724,901 ","  33,487,358 ","  226,013,247 "
12,1207,DELI SERDANG,kabupaten,3,7,4,5,14,"  49,177,311 ","  116,763,444 ","  74,273,696 ","  81,292,985 ","  321,507,436 "
12,1208,SIMALUNGUN,kabupaten,1,6,4,6,11,"  14,447,036 ","  98,149,938 ","  56,814,404 ","  107,225,712 ","  276,637,090 "
12,1209,ASAHAN,kabupaten,3,10,6,2,19,"  44,507,601 ","  153,636,000 ","  97,891,350 ","  31,144,460 ","  327,179,411 "
12,1210,LABUHANBATU,kabupaten,2,8,3,5,13,"  31,269,310 ","  149,551,616 ","  50,346,075 ","  88,803,530 ","  319,970,531 "
12,1211,DAIRI,kabupaten,3,9,5,3,17,"  47,183,910 ","  143,300,385 ","  70,893,230 ","  44,505,807 ","  305,883,332 "
12,1212,TOBA,kabupaten,2,6,5,5,13,"  37,327,828 ","  112,102,902 ","  80,986,540 ","  88,635,145 ","  319,052,415 "
12,1213,MANDAILING NATAL,kabupaten,2,9,3,2,14,"  35,771,652 ","  136,406,052 ","  55,869,498 ","  36,632,134 ","  264,679,336 "
12,1214,NIAS SELATAN,kabupaten,2,9,4,3,15,"  33,648,706 ","  150,785,811 ","  75,835,304 ","  55,032,102 ","  315,301,923 "
12,1215,PAKPAK BHARAT,kabupaten,1,9,5,3,15,"  16,902,901 ","  139,778,676 ","  87,447,405 ","  54,578,385 ","  298,707,367 "
12,1216,HUMBANG HASUNDUTAN,kabupaten,3,9,6,2,18,"  52,600,734 ","  163,392,291 ","  95,253,642 ","  35,937,918 ","  347,184,585 "
12,1217,SAMOSIR,kabupaten,1,7,4,2,12,"  14,035,989 ","  105,734,384 ","  56,017,552 ","  29,669,194 ","  205,457,119 "
12,1218,SERDANG BEDAGAI,kabupaten,1,7,6,2,14,"  16,864,884 ","  125,930,189 ","  107,215,974 ","  30,966,222 ","  280,977,269 "
12,1219,BATU BARA,kabupaten,3,10,5,3,18,"  47,238,372 ","  181,829,510 ","  79,377,885 ","  56,815,149 ","  365,260,916 "
12,1220,PADANG LAWAS UTARA,kabupaten,1,6,5,3,12,"  14,157,575 ","  91,981,152 ","  81,281,980 ","  42,859,578 ","  230,280,285 "
12,1221,PADANG LAWAS,kabupaten,2,10,6,5,18,"  34,239,930 ","  154,461,800 ","  93,413,976 ","  93,680,335 ","  375,796,041 "
12,1222,LABUHANBATU SELATAN,kabupaten,2,9,3,5,14,"  36,310,010 ","  137,169,126 ","  45,491,064 ","  73,454,565 ","  292,424,765 "
12,1223,LABUHANBATU UTARA,kabupaten,2,8,3,5,13,"  32,100,144 ","  151,256,520 ","  44,028,663 ","  81,658,460 ","  309,043,787 "
12,1224,NIAS UTARA,kabupaten,2,9,6,5,17,"  37,150,386 ","  148,612,743 ","  95,826,636 ","  77,274,445 ","  358,864,210 "
12,1225,NIAS BARAT,kabupaten,2,6,3,6,11,"  28,753,018 ","  90,704,262 ","  42,352,314 ","  112,174,830 ","  273,984,424 "
12,1271,KOTA MEDAN,kabupaten,3,7,4,6,14,"  42,082,938 ","  117,873,112 ","  67,469,952 ","  102,459,648 ","  329,885,650 "
12,1272,KOTA PEMATANGSIANTAR,kabupaten,1,10,5,2,16,"  15,835,860 ","  146,506,940 ","  79,130,885 ","  32,792,092 ","  274,265,777 "
12,1273,KOTA SIBOLGA,kabupaten,2,6,5,4,13,"  30,065,346 ","  105,560,388 ","  90,398,170 ","  73,589,876 ","  299,613,780 "
12,1274,KOTA TANJUNG BALAI,kabupaten,2,9,6,6,17,"  37,501,840 ","  158,878,629 ","  95,555,928 ","  94,670,322 ","  386,606,719 "
12,1275,KOTA BINJAI,kabupaten,1,9,5,5,15,"  16,156,785 ","  153,991,548 ","  80,938,675 ","  88,320,225 ","  339,407,233 "
12,1276,KOTA TEBING TINGGI,kabupaten,2,8,3,4,13,"  28,153,096 ","  134,078,560 ","  51,499,905 ","  75,426,236 ","  289,157,797 "
12,1277,KOTA PADANG SIDEMPUAN,kabupaten,2,9,5,4,16,"  30,578,498 ","  130,008,384 ","  74,550,085 ","  72,902,076 ","  308,039,043 "
12,1278,KOTA GUNUNGSITOLI,kabupaten,3,6,5,4,14,"  49,128,417 ","  107,878,500 ","  73,765,630 ","  65,374,772 ","  296,147,319 "
13,1301,PESISIR SELATAN,kabupaten,2,9,4,6,15,"  29,048,190 ","  136,304,298 ","  71,542,664 ","  100,433,172 ","  337,328,324 "
13,1302,SOLOK,kabupaten,1,7,4,4,12,"  17,022,488 ","  99,188,145 ","  66,020,600 ","  63,628,232 ","  245,859,465 "
13,1303,SIJUNJUNG,kabupaten,2,8,5,3,15,"  36,029,860 ","  130,375,872 ","  74,297,150 ","  56,762,580 ","  297,465,462 "
13,1304,TANAH DATAR,kabupaten,1,6,4,6,11,"  17,367,497 ","  107,893,536 ","  65,700,308 ","  96,342,750 ","  287,304,091 "
13,1305,PADANG PARIAMAN,kabupaten,2,9,6,5,17,"  28,120,876 ","  148,542,255 ","  94,692,888 ","  84,710,355 ","  356,066,374 "
13,1306,AGAM,kabupaten,1,8,5,5,14,"  16,208,073 ","  140,747,456 ","  76,946,585 ","  86,067,075 ","  319,969,189 "
13,1307,LIMA PULUH KOTA,kabupaten,2,9,5,6,16,"  35,388,858 ","  150,550,209 ","  77,538,150 ","  92,418,384 ","  355,895,601 "
13,1308,PASAMAN,kabupaten,1,7,5,3,13,"  14,431,177 ","  115,543,316 ","  86,719,415 ","  44,229,873 ","  260,923,781 "
13,1309,KEPULAUAN MENTAWAI,kabupaten,3,6,6,5,15,"  52,888,056 ","  90,126,372 ","  93,535,470 ","  89,817,020 ","  326,366,918 "
13,1310,DHARMASRAYA,kabupaten,1,10,6,6,17,"  14,522,603 ","  140,185,000 ","  95,823,534 ","  103,972,512 ","  354,503,649 "
13,1311,SOLOK SELATAN,kabupaten,2,8,6,5,16,"  34,170,068 ","  125,705,816 ","  102,161,268 ","  91,763,675 ","  353,800,827 "
13,1312,PASAMAN BARAT,kabupaten,3,9,3,2,15,"  45,948,753 ","  147,794,481 ","  56,141,790 ","  33,528,592 ","  283,413,616 "
13,1371,KOTA PADANG,kabupaten,3,8,4,6,15,"  48,160,971 ","  113,732,072 ","  72,399,648 ","  99,823,452 ","  334,116,143 "
13,1372,KOTA SOLOK,kabupaten,1,9,6,6,16,"  15,756,968 ","  163,981,809 ","  103,956,918 ","  109,353,708 ","  393,049,403 "
13,1373,KOTA SAWAHLUNTO,kabupaten,3,8,4,5,15,"  55,110,921 ","  148,343,416 ","  65,179,212 ","  81,660,870 ","  350,294,419 "
13,1374,KOTA PADANG PANJANG,kabupaten,3,10,5,2,18,"  49,709,700 ","  185,532,270 ","  94,411,470 ","  32,743,378 ","  362,396,818 "
13,1375,KOTA BUKITTINGGI,kabupaten,2,7,3,4,12,"  31,326,474 ","  107,249,254 ","  44,365,731 ","  64,588,516 ","  247,529,975 "
13,1376,KOTA PAYAKUMBUH,kabupaten,2,10,4,5,16,"  33,978,128 ","  185,004,070 ","  62,432,592 ","  77,351,655 ","  358,766,445 "
13,1377,KOTA PARIAMAN,kabupaten,2,10,5,4,17,"  30,196,570 ","  159,859,870 ","  79,658,130 ","  66,796,680 ","  336,511,250 "
14,1401,KAMPAR,kabupaten,1,8,6,6,15,"  16,997,677 ","  116,909,264 ","  94,069,626 ","  90,463,914 ","  318,440,481 "
14,1402,INDRAGIRI HULU,kabupaten,1,6,6,2,13,"  14,303,481 ","  102,544,464 ","  100,305,420 ","  32,046,430 ","  249,199,795 "
14,1403,BENGKALIS,kabupaten,2,8,6,4,16,"  34,375,328 ","  140,889,000 ","  101,627,124 ","  61,505,156 ","  338,396,608 "
14,1404,INDRAGIRI HILIR,kabupaten,2,7,4,4,13,"  28,341,558 ","  110,489,918 ","  56,364,044 ","  69,332,404 ","  264,527,924 "
14,1405,PELALAWAN,kabupaten,3,6,5,5,14,"  49,203,885 ","  86,075,988 ","  87,212,515 ","  86,429,805 ","  308,922,193 "
14,1406,ROKAN HULU,kabupaten,2,6,6,4,14,"  35,865,784 ","  104,092,686 ","  107,840,154 ","  63,919,392 ","  311,718,016 "
14,1407,ROKAN HILIR,kabupaten,1,8,3,5,12,"  18,481,858 ","  113,746,664 ","  49,738,197 ","  88,441,615 ","  270,408,334 "
14,1408,SIAK,kabupaten,3,8,6,2,17,"  44,465,292 ","  117,451,816 ","  90,050,238 ","  37,638,282 ","  289,605,628 "
14,1409,KUANTAN SINGINGI,kabupaten,2,10,4,4,16,"  37,814,922 ","  140,989,610 ","  64,523,652 ","  62,795,436 ","  306,123,620 "
14,1410,KEPULAUAN MERANTI,kabupaten,2,8,4,4,14,"  37,733,320 ","  151,411,960 ","  61,665,272 ","  63,197,780 ","  314,008,332 "
14,1471,KOTA PEKANBARU,kabupaten,2,6,6,3,14,"  30,977,208 ","  110,221,632 ","  91,711,758 ","  46,874,628 ","  279,785,226 "
14,1472,KOTA DUMAI,kabupaten,1,6,5,3,12,"  14,749,212 ","  102,373,986 ","  93,867,660 ","  42,136,326 ","  253,127,184 "
15,1501,KERINCI,kabupaten,1,10,5,5,16,"  14,955,351 ","  187,701,590 ","  89,714,135 ","  72,520,090 ","  364,891,166 "
15,1502,MERANGIN,kabupaten,1,10,4,4,15,"  16,737,489 ","  142,214,720 ","  57,336,368 ","  62,865,260 ","  279,153,837 "
15,1503,SAROLANGUN,kabupaten,1,9,5,4,15,"  14,351,867 ","  129,226,176 ","  73,273,440 ","  66,289,660 ","  283,141,143 "
15,1504,BATANGHARI,kabupaten,2,7,6,3,15,"  33,803,864 ","  118,028,407 ","  97,253,568 ","  54,609,237 ","  303,695,076 "
15,1505,MUARO JAMBI,kabupaten,2,10,6,2,18,"  33,070,422 ","  158,125,950 ","  92,537,346 ","  28,934,710 ","  312,668,428 "
15,1506,TANJUNG JABUNG BARAT,kabupaten,1,6,6,2,13,"  15,479,891 ","  106,632,576 ","  95,107,704 ","  32,549,492 ","  249,769,663 "
15,1507,TANJUNG JABUNG TIMUR,kabupaten,3,7,4,6,14,"  44,890,572 ","  114,310,364 ","  59,391,224 ","  113,157,618 ","  331,749,778 "
15,1508,BUNGO,kabupaten,2,7,6,4,15,"  33,756,300 ","  126,696,220 ","  107,767,482 ","  66,756,160 ","  334,976,162 "
15,1509,TEBO,kabupaten,2,9,6,3,17,"  28,031,516 ","  129,873,564 ","  102,587,196 ","  45,564,369 ","  306,056,645 "
15,1571,KOTA JAMBI,kabupaten,3,9,6,4,18,"  54,268,587 ","  149,762,781 ","  99,590,826 ","  69,423,496 ","  373,045,690 "
15,1572,KOTA SUNGAI PENUH,kabupaten,1,8,5,2,14,"  15,491,201 ","  139,593,840 ","  90,500,895 ","  36,049,280 ","  281,635,216 "
16,1601,OGAN KOMERING ULU,kabupaten,1,7,6,4,14,"  14,246,259 ","  98,558,775 ","  103,261,350 ","  60,115,276 ","  276,181,660 "
16,1602,OGAN KOMERING ILIR,kabupaten,3,8,5,3,16,"  54,924,987 ","  116,803,416 ","  76,949,025 ","  46,218,075 ","  294,895,503 "
16,1603,MUARA ENIM,kabupaten,2,7,5,4,14,"  32,968,472 ","  110,373,242 ","  83,903,115 ","  58,148,212 ","  285,393,041 "
16,1604,LAHAT,kabupaten,3,9,6,2,18,"  55,083,870 ","  138,569,076 ","  110,091,312 ","  35,575,912 ","  339,320,170 "
16,1605,MUSI RAWAS,kabupaten,1,8,5,2,14,"  18,345,948 ","  118,369,472 ","  91,767,015 ","  31,704,360 ","  260,186,795 "
16,1606,MUSI BANYUASIN,kabupaten,3,8,4,4,15,"  48,335,802 ","  115,026,040 ","  62,518,912 ","  63,748,064 ","  289,628,818 "
16,1607,BANYUASIN,kabupaten,2,9,5,2,16,"  35,338,496 ","  154,939,824 ","  91,499,195 ","  36,522,658 ","  318,300,173 "
16,1608,OGAN KOMERING ULU TIMUR,kabupaten,2,9,4,5,15,"  35,174,662 ","  157,522,113 ","  56,310,096 ","  78,247,900 ","  327,254,771 "
16,1609,OGAN KOMERING ULU SELATAN,kabupaten,2,9,6,5,17,"  32,327,630 ","  149,369,913 ","  113,089,494 ","  82,277,990 ","  377,065,027 "
16,1610,OGAN ILIR,kabupaten,3,10,4,6,17,"  53,144,667 ","  161,216,130 ","  62,028,844 ","  94,431,594 ","  370,821,235 "
16,1611,EMPAT LAWANG,kabupaten,3,10,5,2,18,"  46,140,387 ","  155,259,330 ","  88,853,780 ","  29,139,760 ","  319,393,257 "
16,1612,PENUKAL ABAB LEMATANG ILIR,kabupaten,2,7,4,5,13,"  32,410,706 ","  108,724,854 ","  56,349,756 ","  89,215,220 ","  286,700,536 "
16,1613,MUSI RAWAS UTARA,kabupaten,3,6,5,2,14,"  44,571,627 ","  113,094,582 ","  93,630,115 ","  35,355,798 ","  286,652,122 "
16,1671,KOTA PALEMBANG,kabupaten,2,7,3,6,12,"  29,690,960 ","  116,117,792 ","  42,817,599 ","  89,761,518 ","  278,387,869 "
16,1672,KOTA PAGAR ALAM,kabupaten,2,10,6,4,18,"  34,815,958 ","  170,965,010 ","  93,870,426 ","  73,564,056 ","  373,215,450 "
16,1673,KOTA LUBUK LINGGAU,kabupaten,1,10,3,2,14,"  18,964,663 ","  160,469,420 ","  55,468,416 ","  28,427,076 ","  263,329,575 "
16,1674,KOTA PRABUMULIH,kabupaten,1,10,6,6,17,"  17,342,224 ","  141,028,420 ","  96,757,890 ","  107,866,974 ","  362,995,508 "
17,1701,BENGKULU SELATAN,kabupaten,3,7,3,6,13,"  48,806,559 ","  110,085,766 ","  44,585,781 ","  95,421,048 ","  298,899,154 "
17,1702,REJANG LEBONG,kabupaten,2,7,4,4,13,"  30,610,190 ","  126,590,821 ","  68,874,980 ","  64,779,884 ","  290,855,875 "
17,1703,BENGKULU UTARA,kabupaten,3,8,4,6,15,"  54,164,961 ","  141,657,896 ","  71,985,228 ","  107,209,122 ","  375,017,207 "
17,1704,KAUR,kabupaten,2,6,4,5,12,"  32,592,862 ","  101,193,846 ","  66,731,292 ","  85,697,240 ","  286,215,240 "
17,1705,SELUMA,kabupaten,2,8,3,2,13,"  36,976,924 ","  134,375,928 ","  46,244,145 ","  29,708,588 ","  247,305,585 "
17,1706,MUKO MUKO,kabupaten,1,9,3,3,13,"  18,756,397 ","  143,194,365 ","  55,363,434 ","  48,957,486 ","  266,271,682 "
17,1707,LEBONG,kabupaten,1,10,4,4,15,"  16,273,746 ","  157,734,270 ","  74,219,660 ","  63,000,732 ","  311,228,408 "
17,1708,KEPAHIANG,kabupaten,2,8,6,6,16,"  28,166,640 ","  112,417,672 ","  96,226,398 ","  87,795,996 ","  324,606,706 "
17,1709,BENGKULU TENGAH,kabupaten,2,6,6,4,14,"  31,300,382 ","  98,096,142 ","  101,065,596 ","  69,015,328 ","  299,477,448 "
17,1771,KOTA BENGKULU,kabupaten,3,6,6,4,15,"  47,833,233 ","  98,859,702 ","  90,838,530 ","  56,459,040 ","  293,990,505 "
18,1801,LAMPUNG SELATAN,kabupaten,3,7,5,2,15,"  51,310,842 ","  124,255,145 ","  87,122,985 ","  29,095,400 ","  291,784,372 "
18,1802,LAMPUNG TENGAH,kabupaten,3,9,5,6,17,"  45,990,120 ","  145,279,305 ","  76,194,645 ","  90,747,108 ","  358,211,178 "
18,1803,LAMPUNG UTARA,kabupaten,3,6,5,5,14,"  50,436,972 ","  113,503,590 ","  78,048,045 ","  77,969,200 ","  319,957,807 "
18,1804,LAMPUNG BARAT,kabupaten,2,6,4,4,12,"  31,899,732 ","  102,737,916 ","  74,907,548 ","  62,402,984 ","  271,948,180 "
18,1805,TULANG BAWANG,kabupaten,1,8,6,5,15,"  18,853,338 ","  141,908,120 ","  93,901,686 ","  91,931,360 ","  346,594,504 "
18,1806,TANGGAMUS,kabupaten,2,7,4,2,13,"  29,125,958 ","  102,263,959 ","  68,147,464 ","  32,120,562 ","  231,657,943 "
18,1807,LAMPUNG TIMUR,kabupaten,1,6,4,5,11,"  17,535,885 ","  90,303,654 ","  60,427,940 ","  71,074,225 ","  239,341,704 "
18,1808,WAY KANAN,kabupaten,3,8,4,6,15,"  53,882,232 ","  126,632,024 ","  70,591,632 ","  96,074,658 ","  347,180,546 "
18,1809,PESAWARAN,kabupaten,1,8,6,6,15,"  16,079,991 ","  128,076,216 ","  96,596,706 ","  108,838,374 ","  349,591,287 "
18,1810,PRINGSEWU,kabupaten,1,9,6,2,16,"  17,607,327 ","  133,024,545 ","  88,801,038 ","  29,520,778 ","  268,953,688 "
18,1811,MESUJI,kabupaten,3,10,5,5,18,"  55,920,522 ","  188,089,300 ","  76,114,630 ","  88,193,505 ","  408,317,957 "
18,1812,TULANG BAWANG BARAT,kabupaten,3,8,3,6,14,"  52,959,738 ","  143,527,992 ","  54,725,772 ","  111,066,216 ","  362,279,718 "
18,1813,PESISIR BARAT,kabupaten,1,6,4,3,11,"  16,058,716 ","  108,743,622 ","  60,392,448 ","  53,230,524 ","  238,425,310 "
18,1871,KOTA BANDAR LAMPUNG,kabupaten,3,7,6,4,16,"  51,246,456 ","  104,771,688 ","  106,010,940 ","  68,122,912 ","  330,151,996 "
18,1872,KOTA METRO,kabupaten,3,8,6,4,17,"  47,102,172 ","  122,373,712 ","  87,832,140 ","  62,334,828 ","  319,642,852 "
19,1901,BANGKA,kabupaten,2,10,5,2,17,"  29,265,132 ","  152,771,610 ","  78,969,380 ","  31,004,936 ","  292,011,058 "
19,1902,BELITUNG,kabupaten,3,7,5,4,15,"  42,762,150 ","  124,488,070 ","  76,228,845 ","  73,177,408 ","  316,656,473 "
19,1903,BANGKA SELATAN,kabupaten,2,10,4,4,16,"  31,072,732 ","  142,132,870 ","  68,962,476 ","  62,529,288 ","  304,697,366 "
19,1904,BANGKA TENGAH,kabupaten,2,6,6,5,14,"  28,831,016 ","  89,552,664 ","  87,744,954 ","  82,171,350 ","  288,299,984 "
19,1905,BANGKA BARAT,kabupaten,1,7,5,5,13,"  18,105,688 ","  132,871,382 ","  83,501,375 ","  76,452,535 ","  310,930,980 "
19,1906,BELITUNG TIMUR,kabupaten,1,8,3,4,12,"  14,529,792 ","  115,722,032 ","  55,896,945 ","  72,085,992 ","  258,234,761 "
19,1971,KOTA PANGKAL PINANG,kabupaten,2,9,3,6,14,"  32,128,640 ","  128,624,868 ","  53,271,603 ","  104,508,366 ","  318,533,477 "
21,2101,BINTAN,kabupaten,3,9,5,6,17,"  53,407,146 ","  139,241,601 ","  90,702,355 ","  85,764,348 ","  369,115,450 "
21,2102,KARIMUN,kabupaten,1,7,3,5,11,"  18,686,900 ","  110,312,671 ","  45,867,009 ","  85,606,660 ","  260,473,240 "
21,2103,NATUNA,kabupaten,2,6,5,6,13,"  34,420,340 ","  104,567,376 ","  78,980,710 ","  109,431,192 ","  327,399,618 "
21,2104,LINGGA,kabupaten,3,6,3,5,12,"  42,245,097 ","  94,618,866 ","  46,551,684 ","  81,189,495 ","  264,605,142 "
21,2105,KEPULAUAN ANAMBAS,kabupaten,2,10,3,6,15,"  28,668,288 ","  173,752,930 ","  43,342,095 ","  91,260,258 ","  337,023,571 "
21,2171,KOTA BATAM,kabupaten,1,7,6,4,14,"  15,233,050 ","  125,420,498 ","  86,503,932 ","  59,105,196 ","  286,262,676 "
21,2172,KOTA TANJUNG PINANG,kabupaten,2,7,5,2,14,"  29,760,574 ","  119,796,271 ","  84,649,860 ","  35,552,508 ","  269,759,213 "
31,3101,KEPULAUAN SERIBU,kabupaten,1,6,6,4,13,"  14,047,221 ","  89,907,570 ","  113,079,636 ","  70,506,572 ","  287,540,999 "
31,3171,KOTA JAKARTA PUSAT,kabupaten,2,6,5,6,13,"  33,963,352 ","  85,255,494 ","  90,349,195 ","  107,524,872 ","  317,092,913 "
31,3172,KOTA JAKARTA UTARA,kabupaten,3,8,6,5,17,"  55,220,307 ","  142,193,768 ","  90,879,210 ","  82,541,705 ","  370,834,990 "
31,3173,KOTA JAKARTA BARAT,kabupaten,2,7,6,6,15,"  34,091,880 ","  124,869,255 ","  97,203,990 ","  93,662,634 ","  349,827,759 "
31,3174,KOTA JAKARTA SELATAN,kabupaten,3,8,4,5,15,"  56,812,590 ","  115,304,216 ","  60,534,476 ","  74,721,310 ","  307,372,592 "
31,3175,KOTA JAKARTA TIMUR,kabupaten,1,8,3,5,12,"  15,908,065 ","  151,458,224 ","  52,213,494 ","  73,622,985 ","  293,202,768 "
32,3201,BOGOR,kabupaten,3,8,5,6,16,"  52,777,317 ","  148,300,736 ","  84,661,770 ","  95,890,386 ","  381,630,209 "
32,3202,SUKABUMI,kabupaten,2,7,6,5,15,"  35,023,938 ","  132,917,750 ","  92,662,572 ","  73,700,530 ","  334,304,790 "
32,3203,CIANJUR,kabupaten,3,6,5,4,14,"  51,002,562 ","  85,116,492 ","  76,313,450 ","  71,267,524 ","  283,700,028 "
32,3204,BANDUNG,kabupaten,1,10,5,5,16,"  14,811,049 ","  163,456,890 ","  73,585,355 ","  83,042,310 ","  334,895,604 "
32,3205,GARUT,kabupaten,3,8,3,5,14,"  44,938,140 ","  149,554,880 ","  42,510,609 ","  77,302,955 ","  314,306,584 "
32,3206,TASIKMALAYA,kabupaten,1,10,6,3,17,"  15,559,783 ","  147,983,210 ","  90,270,000 ","  54,030,594 ","  307,843,587 "
32,3207,CIAMIS,kabupaten,2,10,4,5,16,"  29,897,182 ","  172,059,170 ","  74,880,972 ","  78,567,050 ","  355,404,374 "
32,3208,KUNINGAN,kabupaten,3,8,4,2,15,"  50,118,423 ","  126,753,048 ","  69,613,848 ","  30,167,618 ","  276,652,937 "
32,3209,CIREBON,kabupaten,3,8,3,4,14,"  56,534,892 ","  130,292,536 ","  53,226,003 ","  74,919,096 ","  314,972,527 "
32,3210,MAJALENGKA,kabupaten,3,6,5,5,14,"  42,617,445 ","  101,810,130 ","  91,693,035 ","  90,741,430 ","  326,862,040 "
32,3211,SUMEDANG,kabupaten,1,6,6,3,13,"  17,221,214 ","  86,305,272 ","  85,725,258 ","  51,681,396 ","  240,933,140 "
32,3212,INDRAMAYU,kabupaten,3,7,6,3,16,"  43,044,714 ","  104,908,958 ","  112,265,316 ","  51,432,177 ","  311,651,165 "
32,3213,SUBANG,kabupaten,3,6,4,2,13,"  48,176,082 ","  108,303,084 ","  74,915,160 ","  36,469,658 ","  267,863,984 "
32,3214,PURWAKARTA,kabupaten,1,7,3,4,11,"  14,099,334 ","  122,139,808 ","  49,218,174 ","  64,481,184 ","  249,938,500 "
32,3215,KARAWANG,kabupaten,1,10,6,6,17,"  17,557,733 ","  187,793,630 ","  108,122,058 ","  109,704,630 ","  423,178,051 "
32,3216,BEKASI,kabupaten,3,6,4,3,13,"  51,112,191 ","  106,828,386 ","  69,337,916 ","  46,316,091 ","  273,594,584 "
32,3217,BANDUNG BARAT,kabupaten,1,10,3,5,14,"  15,535,289 ","  169,939,450 ","  53,846,607 ","  90,908,715 ","  330,230,061 "
32,3218,PANGANDARAN,kabupaten,3,7,3,5,13,"  55,716,906 ","  114,669,807 ","  49,294,569 ","  76,135,735 ","  295,817,017 "
32,3271,KOTA BOGOR,kabupaten,3,6,5,2,14,"  42,338,478 ","  89,161,932 ","  74,139,665 ","  29,208,960 ","  234,849,035 "
32,3272,KOTA SUKABUMI,kabupaten,3,10,3,2,16,"  46,082,298 ","  176,171,660 ","  56,294,148 ","  36,758,364 ","  315,306,470 "
32,3273,KOTA BANDUNG,kabupaten,1,9,5,5,15,"  14,379,211 ","  128,178,279 ","  82,017,880 ","  78,760,680 ","  303,336,050 "
32,3274,KOTA CIREBON,kabupaten,2,9,3,4,14,"  31,093,860 ","  158,045,733 ","  48,460,824 ","  60,366,328 ","  297,966,745 "
32,3275,KOTA BEKASI,kabupaten,1,8,6,5,15,"  18,001,703 ","  125,013,864 ","  98,726,940 ","  79,972,320 ","  321,714,827 "
32,3276,KOTA DEPOK,kabupaten,1,10,6,2,17,"  14,780,897 ","  149,809,390 ","  106,211,628 ","  35,409,888 ","  306,211,803 "
32,3277,KOTA CIMAHI,kabupaten,2,10,5,6,17,"  35,877,080 ","  144,519,210 ","  76,054,850 ","  108,659,220 ","  365,110,360 "
32,3278,KOTA TASIKMALAYA,kabupaten,1,9,3,4,13,"  15,245,627 ","  132,902,793 ","  54,267,003 ","  56,968,560 ","  259,383,983 "
32,3279,KOTA BANJAR,kabupaten,3,8,6,3,17,"  46,924,956 ","  146,382,952 ","  101,669,790 ","  46,921,983 ","  341,899,681 "
33,3301,CILACAP,kabupaten,3,8,4,3,15,"  56,264,895 ","  151,777,472 ","  62,541,968 ","  47,230,923 ","  317,815,258 "
33,3302,BANYUMAS,kabupaten,3,9,5,2,17,"  54,266,115 ","  158,652,387 ","  83,002,320 ","  32,662,818 ","  328,583,640 "
33,3303,PURBALINGGA,kabupaten,2,7,4,2,13,"  36,562,758 ","  101,634,099 ","  59,521,044 ","  34,322,936 ","  232,040,837 "
33,3304,BANJARNEGARA,kabupaten,2,8,6,6,16,"  31,060,808 ","  118,940,376 ","  89,150,496 ","  100,461,288 ","  339,612,968 "
33,3305,KEBUMEN,kabupaten,3,8,6,3,17,"  46,326,498 ","  146,372,928 ","  99,721,416 ","  49,890,906 ","  342,311,748 "
33,3306,PURWOREJO,kabupaten,2,8,3,2,13,"  31,052,346 ","  120,475,424 ","  49,321,806 ","  32,923,528 ","  233,773,104 "
33,3307,WONOSOBO,kabupaten,1,6,6,3,13,"  15,076,507 ","  113,465,946 ","  106,454,070 ","  46,354,749 ","  281,351,272 "
33,3308,MAGELANG,kabupaten,1,8,3,2,12,"  17,098,046 ","  151,844,400 ","  45,059,928 ","  29,593,080 ","  243,595,454 "
33,3309,BOYOLALI,kabupaten,3,8,6,5,17,"  56,467,635 ","  122,808,472 ","  113,997,174 ","  92,602,015 ","  385,875,296 "
33,3310,KLATEN,kabupaten,3,6,4,5,13,"  43,441,938 ","  105,092,844 ","  60,100,272 ","  91,865,570 ","  300,500,624 "
33,3311,SUKOHARJO,kabupaten,3,10,6,6,19,"  52,413,225 ","  175,911,980 ","  108,423,498 ","  113,499,438 ","  450,248,141 "
33,3312,WONOGIRI,kabupaten,1,7,3,2,11,"  16,308,456 ","  132,045,795 ","  48,055,971 ","  34,961,934 ","  231,372,156 "
33,3313,KARANGANYAR,kabupaten,2,9,5,5,16,"  28,316,388 ","  138,618,900 ","  78,287,695 ","  87,812,095 ","  333,035,078 "
33,3314,SRAGEN,kabupaten,1,7,5,6,13,"  15,449,127 ","  114,704,870 ","  74,695,615 ","  107,796,978 ","  312,646,590 "
33,3315,GROBOGAN,kabupaten,3,6,6,5,15,"  55,220,154 ","  100,046,982 ","  85,287,540 ","  76,964,835 ","  317,519,511 "
33,3316,BLORA,kabupaten,2,6,4,2,12,"  30,007,668 ","  91,664,340 ","  65,858,880 ","  33,251,918 ","  220,782,806 "
33,3317,REMBANG,kabupaten,3,6,3,5,12,"  53,898,495 ","  102,690,888 ","  44,365,029 ","  91,577,735 ","  292,532,147 "
33,3318,PATI,kabupaten,2,7,4,4,13,"  34,521,002 ","  100,711,520 ","  68,008,844 ","  65,118,716 ","  268,360,082 "
33,3319,KUDUS,kabupaten,3,9,4,5,16,"  50,121,246 ","  134,824,149 ","  66,949,232 ","  79,565,020 ","  331,459,647 "
33,3320,JEPARA,kabupaten,2,7,5,4,14,"  32,564,326 ","  115,116,799 ","  93,029,795 ","  75,793,212 ","  316,504,132 "
33,3321,DEMAK,kabupaten,1,7,3,2,11,"  18,338,979 ","  121,658,040 ","  48,592,470 ","  34,568,756 ","  223,158,245 "
33,3322,SEMARANG,kabupaten,1,7,4,2,12,"  14,366,520 ","  131,496,526 ","  63,265,648 ","  37,174,982 ","  246,303,676 "
33,3323,TEMANGGUNG,kabupaten,1,10,5,5,16,"  15,123,578 ","  170,855,670 ","  74,984,115 ","  92,015,210 ","  352,978,573 "
33,3324,KENDAL,kabupaten,2,7,6,6,15,"  31,523,634 ","  103,351,402 ","  95,752,956 ","  111,909,846 ","  342,537,838 "
33,3325,BATANG,kabupaten,3,7,3,3,13,"  49,417,380 ","  111,595,932 ","  42,657,714 ","  50,289,486 ","  253,960,512 "
33,3326,PEKALONGAN,kabupaten,2,6,5,3,13,"  30,543,356 ","  91,731,342 ","  84,994,255 ","  47,633,550 ","  254,902,503 "
33,3327,PEMALANG,kabupaten,2,8,4,6,14,"  29,638,282 ","  151,737,496 ","  66,990,340 ","  97,036,338 ","  345,402,456 "
33,3328,TEGAL,kabupaten,3,7,3,6,13,"  45,657,342 ","  102,258,926 ","  50,270,031 ","  104,727,054 ","  302,913,353 "
33,3329,BREBES,kabupaten,2,9,6,2,17,"  31,632,954 ","  127,687,320 ","  112,710,132 ","  31,856,466 ","  303,886,872 "
33,3371,KOTA MAGELANG,kabupaten,3,6,5,5,14,"  50,293,935 ","  102,406,866 ","  75,305,935 ","  83,785,645 ","  311,792,381 "
33,3372,KOTA SURAKARTA,kabupaten,3,10,5,3,18,"  50,707,731 ","  144,208,640 ","  91,285,240 ","  56,179,599 ","  342,381,210 "
33,3373,KOTA SALATIGA,kabupaten,3,7,5,4,15,"  56,571,495 ","  105,556,164 ","  77,620,785 ","  61,851,904 ","  301,600,348 "
33,3374,KOTA SEMARANG,kabupaten,3,10,3,3,16,"  54,850,725 ","  158,375,180 ","  56,531,064 ","  55,403,520 ","  325,160,489 "
33,3375,KOTA PEKALONGAN,kabupaten,3,6,6,5,15,"  43,798,602 ","  107,231,664 ","  107,205,078 ","  92,067,580 ","  350,302,924 "
33,3376,KOTA TEGAL,kabupaten,3,7,4,2,14,"  47,645,946 ","  112,018,284 ","  64,517,120 ","  33,996,356 ","  258,177,706 "
34,3401,KULON PROGO,kabupaten,2,7,4,6,13,"  31,748,064 ","  103,745,271 ","  58,949,952 ","  90,405,402 ","  284,848,689 "
34,3402,BANTUL,kabupaten,1,9,6,4,16,"  18,271,130 ","  170,411,166 ","  100,087,938 ","  59,208,384 ","  347,978,618 "
34,3403,GUNUNGKIDUL,kabupaten,2,10,5,6,17,"  37,685,722 ","  167,138,800 ","  87,501,640 ","  84,031,548 ","  376,357,710 "
34,3404,SLEMAN,kabupaten,2,10,4,2,16,"  34,688,948 ","  180,887,760 ","  68,292,520 ","  34,137,340 ","  318,006,568 "
34,3471,KOTA YOGYAKARTA,kabupaten,1,9,4,5,14,"  16,421,023 ","  153,617,796 ","  72,936,356 ","  88,802,615 ","  331,777,790 "
35,3501,PACITAN,kabupaten,2,8,5,2,15,"  28,500,286 ","  147,607,648 ","  88,375,470 ","  33,815,312 ","  298,298,716 "
35,3502,PONOROGO,kabupaten,2,9,4,6,15,"  31,414,848 ","  143,169,993 ","  73,185,512 ","  100,237,662 ","  348,008,015 "
35,3503,TRENGGALEK,kabupaten,2,6,3,3,11,"  31,058,902 ","  98,673,978 ","  55,697,802 ","  53,470,293 ","  238,900,975 "
35,3504,TULUNGAGUNG,kabupaten,1,9,3,6,13,"  15,842,825 ","  167,544,684 ","  51,326,088 ","  109,170,048 ","  343,883,645 "
35,3505,BLITAR,kabupaten,1,7,5,5,13,"  16,441,760 ","  110,532,142 ","  73,089,770 ","  75,400,735 ","  275,464,407 "
35,3506,KEDIRI,kabupaten,1,9,6,3,16,"  18,474,508 ","  133,800,291 ","  100,642,698 ","  43,984,113 ","  296,901,610 "
35,3507,MALANG,kabupaten,1,8,3,6,12,"  18,103,994 ","  131,835,952 ","  43,760,319 ","  97,807,860 ","  291,508,125 "
35,3508,LUMAJANG,kabupaten,2,6,6,5,14,"  29,932,546 ","  108,707,532 ","  98,689,926 ","  76,795,000 ","  314,125,004 "
35,3509,JEMBER,kabupaten,1,10,3,3,14,"  14,229,270 ","  165,466,820 ","  52,154,130 ","  54,770,199 ","  286,620,419 "
35,3510,BANYUWANGI,kabupaten,3,6,5,2,14,"  50,822,988 ","  95,725,938 ","  80,745,860 ","  31,265,110 ","  258,559,896 "
35,3511,BONDOWOSO,kabupaten,2,7,6,6,15,"  32,693,184 ","  106,791,923 ","  105,306,714 ","  112,914,888 ","  357,706,709 "
35,3512,SITUBONDO,kabupaten,3,7,6,6,16,"  54,656,751 ","  131,231,261 ","  105,279,144 ","  88,324,422 ","  379,491,578 "
35,3513,PROBOLINGGO,kabupaten,3,6,3,6,12,"  43,663,488 ","  102,884,004 ","  44,103,441 ","  88,825,104 ","  279,476,037 "
35,3514,PASURUAN,kabupaten,2,8,5,5,15,"  29,326,520 ","  113,998,736 ","  70,916,690 ","  70,968,410 ","  285,210,356 "
35,3515,SIDOARJO,kabupaten,2,7,6,5,15,"  35,103,602 ","  127,899,492 ","  100,827,474 ","  80,985,255 ","  344,815,823 "
35,3516,MOJOKERTO,kabupaten,3,8,6,6,17,"  44,088,192 ","  150,073,064 ","  110,857,590 ","  110,229,504 ","  415,248,350 "
35,3517,JOMBANG,kabupaten,2,7,4,6,13,"  28,552,234 ","  121,221,401 ","  67,233,400 ","  107,815,062 ","  324,822,097 "
35,3518,NGANJUK,kabupaten,3,9,3,2,15,"  48,389,436 ","  134,509,815 ","  45,881,616 ","  30,236,588 ","  259,017,455 "
35,3519,MADIUN,kabupaten,2,8,5,3,15,"  28,040,552 ","  122,295,104 ","  82,303,845 ","  45,814,446 ","  278,453,947 "
35,3520,MAGETAN,kabupaten,2,10,6,5,18,"  29,234,646 ","  143,540,690 ","  103,300,590 ","  82,152,065 ","  358,227,991 "
35,3521,NGAWI,kabupaten,2,7,6,4,15,"  31,767,832 ","  131,875,849 ","  105,008,676 ","  60,898,264 ","  329,550,621 "
35,3522,BOJONEGORO,kabupaten,3,9,3,6,15,"  56,552,277 ","  151,981,749 ","  52,265,694 ","  104,801,478 ","  365,601,198 "
35,3523,TUBAN,kabupaten,1,6,5,2,12,"  18,053,524 ","  110,399,856 ","  81,587,805 ","  28,462,994 ","  238,504,179 "
35,3524,LAMONGAN,kabupaten,3,7,3,4,13,"  55,684,914 ","  120,263,297 ","  50,543,703 ","  56,603,428 ","  283,095,342 "
35,3525,GRESIK,kabupaten,3,9,5,2,17,"  52,530,132 ","  149,003,721 ","  82,069,200 ","  32,981,210 ","  316,584,263 "
35,3526,BANGKALAN,kabupaten,1,6,5,5,12,"  16,825,200 ","  92,340,414 ","  91,587,350 ","  93,067,710 ","  293,820,674 "
35,3527,SAMPANG,kabupaten,2,7,3,3,12,"  28,231,384 ","  126,474,082 ","  54,344,985 ","  47,978,571 ","  257,029,022 "
35,3528,PAMEKASAN,kabupaten,2,10,4,3,16,"  30,618,676 ","  172,102,270 ","  66,777,032 ","  53,807,319 ","  323,305,297 "
35,3529,SUMENEP,kabupaten,2,8,4,3,14,"  30,228,566 ","  140,447,936 ","  70,517,008 ","  46,653,015 ","  287,846,525 "
35,3571,KOTA KEDIRI,kabupaten,2,6,5,2,13,"  37,254,758 ","  100,603,896 ","  94,246,645 ","  34,966,584 ","  267,071,883 "
35,3572,KOTA BLITAR,kabupaten,3,6,3,4,12,"  44,302,665 ","  94,646,658 ","  45,094,944 ","  69,083,784 ","  253,128,051 "
35,3573,KOTA MALANG,kabupaten,3,8,3,2,14,"  54,705,882 ","  123,026,120 ","  50,867,640 ","  28,800,930 ","  257,400,572 "
35,3574,KOTA PROBOLINGGO,kabupaten,1,6,3,3,10,"  18,188,866 ","  87,129,996 ","  54,728,142 ","  56,877,078 ","  216,924,082 "
35,3575,KOTA PASURUAN,kabupaten,3,6,6,4,15,"  53,480,625 ","  87,656,604 ","  99,434,370 ","  70,139,380 ","  310,710,979 "
35,3576,KOTA MOJOKERTO,kabupaten,3,8,4,5,15,"  46,657,020 ","  121,151,440 ","  59,712,836 ","  74,472,375 ","  301,993,671 "
35,3577,KOTA MADIUN,kabupaten,1,8,5,3,14,"  14,913,362 ","  116,730,272 ","  90,729,435 ","  54,540,003 ","  276,913,072 "
35,3578,KOTA SURABAYA,kabupaten,3,7,6,6,16,"  52,782,993 ","  107,260,160 ","  87,492,654 ","  84,260,076 ","  331,795,883 "
35,3579,KOTA BATU,kabupaten,1,7,6,4,14,"  14,530,392 ","  119,645,078 ","  107,900,658 ","  61,707,824 ","  303,783,952 "
36,3601,PANDEGLANG,kabupaten,2,6,3,4,11,"  37,709,482 ","  95,399,424 ","  56,060,370 ","  75,421,104 ","  264,590,380 "
36,3602,LEBAK,kabupaten,3,8,6,5,17,"  48,527,547 ","  146,477,992 ","  97,791,486 ","  81,818,180 ","  374,615,205 "
36,3603,TANGERANG,kabupaten,3,7,3,6,13,"  42,569,016 ","  111,743,345 ","  54,519,867 ","  95,747,658 ","  304,579,886 "
36,3604,SERANG,kabupaten,1,8,4,6,13,"  17,641,113 ","  138,759,976 ","  70,929,056 ","  103,340,982 ","  330,671,127 "
36,3671,KOTA TANGERANG,kabupaten,1,10,6,2,17,"  14,254,116 ","  186,820,530 ","  84,381,330 ","  36,977,222 ","  322,433,198 "
36,3672,KOTA CILEGON,kabupaten,3,9,5,5,17,"  43,417,653 ","  150,744,798 ","  82,069,830 ","  78,215,280 ","  354,447,561 "
36,3673,KOTA SERANG,kabupaten,2,6,4,4,12,"  37,744,958 ","  102,681,750 ","  74,383,448 ","  68,908,660 ","  283,718,816 "
36,3674,KOTA TANGERANG SELATAN,kabupaten,1,10,4,5,15,"  15,117,759 ","  185,259,120 ","  69,562,296 ","  81,854,845 ","  351,794,020 "
51,5101,JEMBRANA,kabupaten,1,7,3,6,11,"  18,514,680 ","  116,646,110 ","  50,387,067 ","  88,581,870 ","  274,129,727 "
51,5102,TABANAN,kabupaten,2,9,6,2,17,"  31,447,216 ","  138,674,205 ","  89,690,088 ","  34,848,804 ","  294,660,313 "
51,5103,BADUNG,kabupaten,3,6,6,4,15,"  42,919,914 ","  87,643,044 ","  87,140,664 ","  63,593,696 ","  281,297,318 "
51,5104,GIANYAR,kabupaten,2,10,6,3,18,"  34,981,506 ","  168,556,090 ","  101,876,706 ","  50,756,646 ","  356,170,948 "
51,5105,KLUNGKUNG,kabupaten,3,9,4,6,16,"  49,390,422 ","  144,702,486 ","  62,749,060 ","  89,662,116 ","  346,504,084 "
51,5106,BANGLI,kabupaten,2,9,4,3,15,"  33,698,784 ","  137,251,917 ","  75,848,092 ","  45,082,092 ","  291,880,885 "
51,5107,KARANGASEM,kabupaten,2,7,6,2,15,"  32,350,388 ","  125,858,551 ","  89,683,176 ","  37,390,340 ","  285,282,455 "
51,5108,BULELENG,kabupaten,1,9,3,4,13,"  14,665,879 ","  140,659,281 ","  51,794,439 ","  70,884,796 ","  278,004,395 "
51,5171,KOTA DENPASAR,kabupaten,3,8,3,6,14,"  43,714,059 ","  135,147,304 ","  44,531,934 ","  84,453,204 ","  307,846,501 "
52,5201,LOMBOK BARAT,kabupaten,1,8,6,5,15,"  18,804,927 ","  131,484,440 ","  96,555,234 ","  83,338,565 ","  330,183,166 "
52,5202,LOMBOK TENGAH,kabupaten,1,10,5,5,16,"  17,773,180 ","  163,183,630 ","  76,861,955 ","  93,621,040 ","  351,439,805 "
52,5203,LOMBOK TIMUR,kabupaten,2,9,6,6,17,"  29,862,512 ","  127,390,419 ","  85,442,598 ","  98,125,596 ","  340,821,125 "
52,5204,SUMBAWA,kabupaten,2,9,4,3,15,"  29,696,682 ","  170,122,077 ","  63,851,312 ","  44,372,304 ","  308,042,375 "
52,5205,DOMPU,kabupaten,2,6,5,2,13,"  35,054,482 ","  85,170,420 ","  91,343,045 ","  31,187,626 ","  242,755,573 "
52,5206,BIMA,kabupaten,1,7,5,4,13,"  18,849,275 ","  117,328,652 ","  84,469,585 ","  71,424,400 ","  292,071,912 "
52,5207,SUMBAWA BARAT,kabupaten,1,8,4,3,13,"  18,244,837 ","  139,525,368 ","  63,351,692 ","  55,518,948 ","  276,640,845 "
52,5208,LOMBOK UTARA,kabupaten,2,8,6,6,16,"  35,670,256 ","  131,861,296 ","  105,970,284 ","  107,630,226 ","  381,132,062 "
52,5271,KOTA MATARAM,kabupaten,2,7,5,6,14,"  31,113,774 ","  102,985,582 ","  89,047,970 ","  98,133,870 ","  321,281,196 "
52,5272,KOTA BIMA,kabupaten,1,7,5,5,13,"  15,962,870 ","  126,136,780 ","  83,678,670 ","  82,614,590 ","  308,392,910 "
53,5301,KUPANG,kabupaten,3,8,4,3,15,"  49,706,619 ","  145,252,024 ","  73,123,400 ","  55,282,395 ","  323,364,438 "
53,5302,TIMOR TENGAH SELATAN,kabupaten,1,8,3,3,12,"  15,595,250 ","  138,423,128 ","  49,097,958 ","  48,433,503 ","  251,549,839 "
53,5303,TIMOR TENGAH UTARA,kabupaten,2,7,5,6,14,"  34,227,916 ","  111,997,984 ","  78,552,075 ","  91,804,134 ","  316,582,109 "
53,5304,BELU,kabupaten,3,7,4,5,14,"  54,698,028 ","  120,184,778 ","  69,527,820 ","  72,634,195 ","  317,044,821 "
53,5305,ALOR,kabupaten,1,7,6,3,14,"  16,330,598 ","  119,836,514 ","  97,235,322 ","  55,155,501 ","  288,557,935 "
53,5306,FLORES TIMUR,kabupaten,1,10,5,6,16,"  14,597,598 ","  182,364,850 ","  70,497,365 ","  99,223,272 ","  366,683,085 "
53,5307,SIKKA,kabupaten,1,9,4,4,14,"  18,515,052 ","  140,699,988 ","  68,058,712 ","  73,453,208 ","  300,726,960 "
53,5308,ENDE,kabupaten,3,7,3,5,13,"  50,927,748 ","  102,578,203 ","  49,826,991 ","  77,520,315 ","  280,853,257 "
53,5309,NGADA,kabupaten,3,7,5,3,15,"  44,732,211 ","  131,806,934 ","  90,124,990 ","  53,161,173 ","  319,825,308 "
53,5310,MANGGARAI,kabupaten,2,6,4,6,12,"  29,056,852 ","  89,234,436 ","  61,148,280 ","  106,228,518 ","  285,668,086 "
53,5311,SUMBA TIMUR,kabupaten,1,6,3,4,10,"  16,781,748 ","  90,661,698 ","  47,212,689 ","  62,020,952 ","  216,677,087 "
53,5312,SUMBA BARAT,kabupaten,1,6,6,4,13,"  17,434,664 ","  84,902,340 ","  107,036,238 ","  71,368,256 ","  280,741,498 "
53,5313,LEMBATA,kabupaten,1,8,6,6,15,"  17,962,407 ","  124,714,712 ","  86,349,084 ","  87,269,280 ","  316,295,483 "
53,5314,ROTE NDAO,kabupaten,2,8,4,4,14,"  36,184,684 ","  146,480,984 ","  64,521,200 ","  62,726,868 ","  309,913,736 "
53,5315,MANGGARAI BARAT,kabupaten,1,6,6,5,13,"  17,771,686 ","  100,969,044 ","  97,852,452 ","  73,288,420 ","  289,881,602 "
53,5316,NAGEKEO,kabupaten,3,6,4,6,13,"  49,927,134 ","  89,432,202 ","  63,779,312 ","  95,577,024 ","  298,715,672 "
53,5317,SUMBA TENGAH,kabupaten,3,8,5,2,16,"  42,433,173 ","  116,545,816 ","  76,855,865 ","  29,909,022 ","  265,743,876 "
53,5318,SUMBA BARAT DAYA,kabupaten,1,7,6,5,14,"  15,505,450 ","  126,329,553 ","  93,873,174 ","  94,013,215 ","  329,721,392 "
53,5319,MANGGARAI TIMUR,kabupaten,2,8,5,3,15,"  33,114,366 ","  139,885,184 ","  82,134,970 ","  56,157,978 ","  311,292,498 "
53,5320,SABU RAIJUA,kabupaten,2,7,6,6,15,"  33,270,544 ","  108,232,040 ","  98,839,494 ","  103,580,862 ","  343,922,940 "
53,5321,MALAKA,kabupaten,3,10,5,6,18,"  42,048,300 ","  141,650,140 ","  84,898,150 ","  107,044,356 ","  375,640,946 "
53,5371,KOTA KUPANG,kabupaten,3,7,3,4,13,"  56,071,434 ","  121,776,928 ","  50,161,614 ","  67,800,476 ","  295,810,452 "
61,6101,SAMBAS,kabupaten,3,9,6,3,18,"  44,566,122 ","  169,314,246 ","  99,576,090 ","  46,007,409 ","  359,463,867 "
61,6102,MEMPAWAH,kabupaten,1,6,4,5,11,"  16,541,082 ","  97,752,372 ","  58,496,536 ","  94,526,475 ","  267,316,465 "
61,6103,SANGGAU,kabupaten,1,6,6,2,13,"  15,130,802 ","  87,767,052 ","  112,917,864 ","  31,594,424 ","  247,410,142 "
61,6104,KETAPANG,kabupaten,1,8,4,5,13,"  14,800,269 ","  121,185,416 ","  74,915,576 ","  86,159,990 ","  297,061,251 "
61,6105,SINTANG,kabupaten,2,7,4,4,13,"  32,068,504 ","  132,127,478 ","  70,590,460 ","  75,175,720 ","  309,962,162 "
61,6106,KAPUAS HULU,kabupaten,3,6,6,5,15,"  56,888,298 ","  99,227,064 ","  96,900,102 ","  70,241,545 ","  323,257,009 "
61,6107,BENGKAYANG,kabupaten,2,6,6,4,14,"  33,215,410 ","  98,331,606 ","  107,018,574 ","  68,772,592 ","  307,338,182 "
61,6108,LANDAK,kabupaten,3,7,6,3,16,"  42,876,420 ","  127,609,867 ","  90,275,430 ","  54,072,048 ","  314,833,765 "
61,6109,SEKADAU,kabupaten,1,8,3,3,12,"  14,164,793 ","  115,836,392 ","  52,649,811 ","  45,216,318 ","  227,867,314 "
61,6110,MELAWI,kabupaten,1,7,3,2,11,"  18,659,577 ","  121,963,471 ","  42,393,654 ","  36,800,072 ","  219,816,774 "
61,6111,KAYONG UTARA,kabupaten,1,9,3,5,13,"  16,877,874 ","  156,699,846 ","  53,803,794 ","  73,960,025 ","  301,341,539 "
61,6112,KUBU RAYA,kabupaten,2,10,6,2,18,"  34,567,634 ","  181,019,600 ","  100,516,632 ","  34,511,558 ","  350,615,424 "
61,6171,KOTA PONTIANAK,kabupaten,3,7,6,5,16,"  45,460,131 ","  126,487,249 ","  85,196,610 ","  93,630,750 ","  350,774,740 "
61,6172,KOTA SINGKAWANG,kabupaten,1,10,3,2,14,"  18,466,893 ","  182,146,140 ","  46,428,102 ","  35,428,456 ","  282,469,591 "
62,6201,KOTAWARINGIN BARAT,kabupaten,3,7,4,6,14,"  46,619,133 ","  132,767,411 ","  64,747,000 ","  86,149,476 ","  330,283,020 "
62,6202,KOTAWARINGIN TIMUR,kabupaten,1,9,4,6,14,"  16,735,637 ","  129,341,943 ","  73,185,152 ","  88,655,400 ","  307,918,132 "
62,6203,KAPUAS,kabupaten,2,6,6,4,14,"  28,733,426 ","  95,705,856 ","  86,420,166 ","  69,124,860 ","  279,984,308 "
62,6204,BARITO SELATAN,kabupaten,1,9,5,2,15,"  15,840,452 ","  143,306,910 ","  92,347,430 ","  36,508,296 ","  288,003,088 "
62,6205,BARITO UTARA,kabupaten,3,8,3,2,14,"  42,739,341 ","  123,181,640 ","  47,421,000 ","  37,137,296 ","  250,479,277 "
62,6206,KATINGAN,kabupaten,3,6,5,4,14,"  52,232,181 ","  93,419,166 ","  93,731,795 ","  72,890,820 ","  312,273,962 "
62,6207,SERUYAN,kabupaten,2,10,6,3,18,"  34,940,972 ","  162,991,000 ","  98,505,180 ","  55,923,468 ","  352,360,620 "
62,6208,SUKAMARA,kabupaten,2,8,3,2,13,"  34,383,772 ","  134,728,208 ","  51,743,601 ","  28,884,544 ","  249,740,125 "
62,6209,LAMANDAU,kabupaten,2,6,3,3,11,"  30,631,940 ","  95,720,502 ","  49,315,341 ","  42,000,750 ","  217,668,533 "
62,6210,GUNUNG MAS,kabupaten,2,9,4,5,15,"  29,040,668 ","  129,661,092 ","  70,610,456 ","  92,259,220 ","  321,571,436 "
62,6211,PULANG PISAU,kabupaten,1,6,4,4,11,"  17,097,328 ","  98,685,768 ","  71,459,284 ","  66,585,216 ","  253,827,596 "
62,6212,MURUNG RAYA,kabupaten,2,6,4,6,12,"  35,084,688 ","  102,878,892 ","  62,691,900 ","  86,034,774 ","  286,690,254 "
62,6213,BARITO TIMUR,kabupaten,1,8,6,2,15,"  17,102,039 ","  145,528,392 ","  89,055,972 ","  37,366,624 ","  289,053,027 "
62,6271,KOTA PALANGKARAYA,kabupaten,3,9,5,5,17,"  48,923,127 ","  149,052,942 ","  71,392,895 ","  76,737,700 ","  346,106,664 "
63,6301,TANAH LAUT,kabupaten,3,9,5,5,17,"  53,624,043 ","  128,184,327 ","  85,034,225 ","  73,734,795 ","  340,577,390 "
63,6302,KOTABARU,kabupaten,2,8,5,6,15,"  34,631,800 ","  131,256,944 ","  72,479,700 ","  103,993,086 ","  342,361,530 "
63,6303,BANJAR,kabupaten,3,7,4,5,14,"  53,199,837 ","  132,067,936 ","  61,888,256 ","  88,898,855 ","  336,054,884 "
63,6304,BARITO KUALA,kabupaten,2,7,3,3,12,"  28,947,058 ","  111,828,451 ","  56,860,074 ","  42,087,369 ","  239,722,952 "
63,6305,TAPIN,kabupaten,1,6,3,6,10,"  16,383,790 ","  103,509,762 ","  48,821,364 ","  89,604,468 ","  258,319,384 "
63,6306,HULU SUNGAI SELATAN,kabupaten,1,8,6,3,15,"  17,871,337 ","  145,475,672 ","  97,745,346 ","  47,134,854 ","  308,227,209 "
63,6307,HULU SUNGAI TENGAH,kabupaten,3,10,3,3,16,"  43,683,543 ","  153,399,170 ","  46,200,729 ","  47,423,556 ","  290,706,998 "
63,6308,HULU SUNGAI UTARA,kabupaten,2,6,5,5,13,"  28,983,750 ","  111,051,744 ","  73,025,000 ","  89,162,670 ","  302,223,164 "
63,6309,TABALONG,kabupaten,2,8,4,5,14,"  29,230,224 ","  142,230,864 ","  69,273,668 ","  83,161,800 ","  323,896,556 "
63,6310,TANAH BUMBU,kabupaten,1,10,3,5,14,"  14,057,333 ","  143,821,690 ","  51,038,577 ","  70,695,360 ","  279,612,960 "
63,6311,BALANGAN,kabupaten,1,10,4,6,15,"  14,936,944 ","  168,058,710 ","  62,847,444 ","  113,174,616 ","  359,017,714 "
63,6371,KOTA BANJARMASIN,kabupaten,2,9,5,6,16,"  31,907,540 ","  145,023,516 ","  75,866,605 ","  109,178,112 ","  361,975,773 "
63,6372,KOTA BANJARBARU,kabupaten,1,8,5,4,14,"  16,696,515 ","  150,469,072 ","  85,643,300 ","  59,644,064 ","  312,452,951 "
64,6401,PASER,kabupaten,2,9,3,6,14,"  28,087,362 ","  133,058,358 ","  44,201,772 ","  89,070,246 ","  294,417,738 "
64,6402,KUTAI KARTANEGARA,kabupaten,2,8,5,4,15,"  33,577,746 ","  133,995,392 ","  82,602,685 ","  70,328,516 ","  320,504,339 "
64,6403,BERAU,kabupaten,3,6,5,4,14,"  42,804,402 ","  107,268,702 ","  81,922,690 ","  63,613,548 ","  295,609,342 "
64,6407,KUTAI BARAT,kabupaten,1,6,6,4,13,"  18,819,017 ","  107,141,934 ","  86,043,714 ","  65,240,220 ","  277,244,885 "
64,6408,KUTAI TIMUR,kabupaten,3,10,6,2,19,"  53,155,515 ","  154,934,980 ","  98,819,490 ","  37,886,970 ","  344,796,955 "
64,6409,PENAJAM PASER UTARA,kabupaten,1,8,5,3,14,"  14,370,112 ","  139,947,896 ","  92,475,165 ","  42,197,490 ","  288,990,663 "
64,6411,MAHAKAM ULU,kabupaten,2,10,5,5,17,"  36,375,368 ","  140,300,430 ","  91,780,770 ","  74,624,125 ","  343,080,693 "
64,6471,KOTA BALIKPAPAN,kabupaten,2,7,4,3,13,"  37,627,512 ","  107,863,742 ","  71,057,980 ","  45,732,399 ","  262,281,633 "
64,6472,KOTA SAMARINDA,kabupaten,3,8,4,2,15,"  48,619,824 ","  143,680,720 ","  60,244,304 ","  31,703,452 ","  284,248,300 "
64,6474,KOTA BONTANG,kabupaten,2,6,3,2,11,"  36,902,902 ","  94,419,462 ","  45,304,014 ","  30,899,762 ","  207,526,140 "
65,6501,BULUNGAN,kabupaten,2,8,3,3,13,"  32,109,856 ","  130,828,808 ","  53,655,279 ","  56,797,530 ","  273,391,473 "
65,6502,MALINAU,kabupaten,2,10,4,6,16,"  32,648,170 ","  162,036,670 ","  69,768,984 ","  93,565,638 ","  358,019,462 "
65,6503,NUNUKAN,kabupaten,3,10,6,3,19,"  52,371,831 ","  161,139,660 ","  89,209,026 ","  54,278,310 ","  356,998,827 "
65,6504,TANA TIDUNG,kabupaten,3,10,5,5,18,"  54,258,888 ","  163,160,780 ","  82,455,700 ","  89,149,585 ","  389,024,953 "
65,6571,KOTA TARAKAN,kabupaten,1,8,3,4,12,"  14,447,140 ","  115,352,936 ","  53,292,402 ","  73,369,744 ","  256,462,222 "
71,7101,BOLAANG MONGONDOW,kabupaten,1,8,6,2,15,"  14,438,744 ","  117,242,664 ","  89,740,626 ","  36,124,438 ","  257,546,472 "
71,7102,MINAHASA,kabupaten,2,6,4,5,12,"  36,436,492 ","  106,805,988 ","  57,966,732 ","  87,459,670 ","  288,668,882 "
71,7103,KEPULAUAN SANGIHE,kabupaten,3,8,5,6,16,"  43,748,658 ","  149,809,056 ","  93,597,005 ","  98,432,388 ","  385,587,107 "
71,7104,KEPULAUAN TALAUD,kabupaten,2,6,4,5,12,"  29,089,162 ","  111,591,180 ","  73,967,800 ","  74,566,270 ","  289,214,412 "
71,7105,MINAHASA SELATAN,kabupaten,1,7,4,6,12,"  15,270,945 ","  125,366,248 ","  60,456,180 ","  113,027,178 ","  314,120,551 "
71,7106,MINAHASA UTARA,kabupaten,1,7,5,2,13,"  18,352,470 ","  118,257,293 ","  80,094,935 ","  29,083,656 ","  245,788,354 "
71,7107,MINAHASA TENGGARA,kabupaten,3,10,4,4,17,"  46,484,727 ","  147,837,160 ","  68,704,716 ","  58,240,976 ","  321,267,579 "
71,7108,BOLAANG MONGONDOW UTARA,kabupaten,3,7,4,4,14,"  45,762,912 ","  112,223,146 ","  67,201,764 ","  62,991,464 ","  288,179,286 "
71,7109,KEP. SIAU TAGULANDANG BIARO,kabupaten,1,9,5,3,15,"  18,673,231 ","  156,454,209 ","  94,715,295 ","  46,452,777 ","  316,295,512 "
71,7110,BOLAANG MONGONDOW TIMUR,kabupaten,1,6,3,5,10,"  18,806,184 ","  86,262,240 ","  56,035,866 ","  80,065,090 ","  241,169,380 "
71,7111,BOLAANG MONGONDOW SELATAN,kabupaten,3,6,3,2,12,"  55,660,545 ","  105,598,056 ","  50,607,399 ","  35,017,048 ","  246,883,048 "
71,7171,KOTA MANADO,kabupaten,3,10,3,4,16,"  56,598,222 ","  172,457,840 ","  51,440,496 ","  65,442,840 ","  345,939,398 "
71,7172,KOTA BITUNG,kabupaten,2,6,4,2,12,"  35,073,074 ","  97,533,870 ","  67,549,072 ","  32,999,656 ","  233,155,672 "
71,7173,KOTA TOMOHON,kabupaten,2,8,5,6,15,"  34,717,076 ","  147,303,824 ","  83,782,710 ","  100,726,314 ","  366,529,924 "
71,7174,KOTA KOTAMOBAGU,kabupaten,1,6,3,4,10,"  17,575,482 ","  88,911,030 ","  43,278,669 ","  63,141,660 ","  212,906,841 "
72,7201,BANGGAI,kabupaten,3,7,6,6,16,"  53,075,835 ","  128,335,865 ","  90,406,020 ","  111,107,190 ","  382,924,910 "
72,7202,POSO,kabupaten,2,9,3,3,14,"  36,987,186 ","  134,995,905 ","  49,815,480 ","  45,396,930 ","  267,195,501 "
72,7203,DONGGALA,kabupaten,2,9,5,3,16,"  31,220,066 ","  137,245,194 ","  82,891,935 ","  48,303,405 ","  299,660,600 "
72,7204,TOLI TOLI,kabupaten,1,10,4,6,15,"  15,200,065 ","  159,687,410 ","  72,507,268 ","  104,554,578 ","  351,949,321 "
72,7205,BUOL,kabupaten,2,10,5,6,17,"  32,878,896 ","  169,410,210 ","  93,259,040 ","  97,231,944 ","  392,780,090 "
72,7206,MOROWALI,kabupaten,3,7,5,5,15,"  46,998,354 ","  106,436,883 ","  89,854,520 ","  84,077,550 ","  327,367,307 "
72,7207,BANGGAI KEPULAUAN,kabupaten,2,7,4,3,13,"  34,467,614 ","  101,254,209 ","  63,169,868 ","  45,757,098 ","  244,648,789 "
72,7208,PARIGI MOUTONG,kabupaten,2,7,5,3,14,"  34,070,420 ","  106,487,780 ","  70,872,695 ","  53,709,603 ","  265,140,498 "
72,7209,TOJO UNA UNA,kabupaten,1,10,6,2,17,"  15,183,193 ","  165,082,350 ","  97,309,830 ","  28,527,268 ","  306,102,641 "
72,7210,SIGI,kabupaten,2,7,3,2,12,"  32,079,540 ","  125,817,825 ","  47,570,433 ","  36,330,504 ","  241,798,302 "
72,7211,BANGGAI LAUT,kabupaten,1,9,6,4,16,"  17,152,271 ","  166,959,675 ","  96,075,984 ","  68,416,000 ","  348,603,930 "
72,7212,MOROWALI UTARA,kabupaten,2,6,5,5,13,"  32,467,718 ","  91,868,478 ","  75,031,865 ","  87,138,775 ","  286,506,836 "
72,7271,KOTA PALU,kabupaten,3,9,3,2,15,"  42,024,006 ","  138,653,325 ","  56,181,150 ","  36,343,814 ","  273,202,295 "
73,7301,KEPULAUAN SELAYAR,kabupaten,2,8,5,5,15,"  33,038,110 ","  131,693,152 ","  73,536,790 ","  76,260,880 ","  314,528,932 "
73,7302,BULUKUMBA,kabupaten,1,9,5,5,15,"  14,035,598 ","  164,469,231 ","  74,256,070 ","  91,985,915 ","  344,746,814 "
73,7303,BANTAENG,kabupaten,2,10,5,5,17,"  35,177,480 ","  158,681,840 ","  73,673,755 ","  80,472,980 ","  348,006,055 "
73,7304,JENEPONTO,kabupaten,2,10,5,5,17,"  32,657,754 ","  168,778,840 ","  87,813,370 ","  85,829,345 ","  375,079,309 "
73,7305,TAKALAR,kabupaten,3,8,4,3,15,"  52,278,738 ","  140,357,000 ","  61,061,572 ","  51,916,125 ","  305,613,435 "
73,7306,GOWA,kabupaten,3,10,4,4,17,"  50,421,003 ","  141,294,350 ","  61,882,708 ","  66,804,928 ","  320,402,989 "
73,7307,SINJAI,kabupaten,2,10,4,2,16,"  34,750,794 ","  173,513,680 ","  67,776,512 ","  29,817,368 ","  305,858,354 "
73,7308,BONE,kabupaten,3,7,4,5,14,"  46,856,028 ","  113,531,586 ","  65,579,528 ","  72,365,355 ","  298,332,497 "
73,7309,MAROS,kabupaten,3,6,5,3,14,"  45,834,873 ","  100,536,282 ","  71,074,260 ","  43,582,941 ","  261,028,356 "
73,7310,PANGKAJENE KEPULAUAN,kabupaten,3,6,5,6,14,"  52,852,809 ","  106,388,676 ","  94,809,115 ","  91,101,930 ","  345,152,530 "
73,7311,BARRU,kabupaten,1,7,6,2,14,"  16,269,781 ","  115,273,459 ","  108,327,762 ","  34,010,710 ","  273,881,712 "
73,7312,SOPPENG,kabupaten,2,6,6,3,14,"  35,776,008 ","  88,750,914 ","  94,555,404 ","  51,708,579 ","  270,790,905 "
73,7313,WAJO,kabupaten,2,7,4,6,13,"  36,263,634 ","  99,162,560 ","  61,094,300 ","  113,959,146 ","  310,479,640 "
73,7314,SIDENRENG RAPPANG,kabupaten,2,6,6,4,14,"  35,423,082 ","  88,361,364 ","  101,010,732 ","  71,906,400 ","  296,701,578 "
73,7315,PINRANG,kabupaten,3,7,4,2,14,"  56,217,309 ","  105,871,367 ","  74,000,000 ","  31,307,390 ","  267,396,066 "
73,7316,ENREKANG,kabupaten,2,9,3,5,14,"  33,128,954 ","  150,905,439 ","  56,322,672 ","  82,376,875 ","  322,733,940 "
73,7317,LUWU,kabupaten,2,9,6,6,17,"  34,096,242 ","  148,604,301 ","  91,626,600 ","  101,586,672 ","  375,913,815 "
73,7318,TANA TORAJA,kabupaten,1,7,4,6,12,"  14,454,153 ","  127,568,406 ","  66,650,944 ","  100,439,364 ","  309,112,867 "
73,7322,LUWU UTARA,kabupaten,3,9,4,4,16,"  43,844,445 ","  145,814,373 ","  67,188,492 ","  60,350,724 ","  317,198,034 "
73,7324,LUWU TIMUR,kabupaten,1,6,5,4,12,"  15,903,437 ","  84,607,080 ","  89,680,885 ","  58,160,988 ","  248,352,390 "
73,7326,TORAJA UTARA,kabupaten,1,9,5,5,15,"  18,374,265 ","  127,118,799 ","  80,493,480 ","  79,607,150 ","  305,593,694 "
73,7371,KOTA MAKASSAR,kabupaten,2,7,5,2,14,"  30,239,748 ","  127,990,856 ","  88,144,380 ","  28,200,412 ","  274,575,396 "
73,7372,KOTA PARE PARE,kabupaten,3,7,4,3,14,"  49,458,948 ","  114,719,626 ","  72,718,344 ","  51,675,066 ","  288,571,984 "
73,7373,KOTA PALOPO,kabupaten,2,10,4,3,16,"  37,101,202 ","  177,876,270 ","  58,369,196 ","  52,893,384 ","  326,240,052 "
74,7401,KOLAKA,kabupaten,2,7,3,6,12,"  37,916,694 ","  116,800,061 ","  42,860,169 ","  106,272,120 ","  303,849,044 "
74,7402,KONAWE,kabupaten,2,10,6,2,18,"  35,883,228 ","  158,703,510 ","  104,873,574 ","  31,503,594 ","  330,963,906 "
74,7403,MUNA,kabupaten,1,6,5,4,12,"  18,517,478 ","  97,860,222 ","  91,144,860 ","  69,768,540 ","  277,291,100 "
74,7404,BUTON,kabupaten,1,8,6,4,15,"  18,786,073 ","  129,117,472 ","  101,124,102 ","  64,781,732 ","  313,809,379 "
74,7405,KONAWE SELATAN,kabupaten,1,6,6,3,13,"  15,823,185 ","  92,286,828 ","  99,929,454 ","  46,476,039 ","  254,515,506 "
74,7406,BOMBANA,kabupaten,3,7,5,6,15,"  48,263,730 ","  131,405,673 ","  86,496,620 ","  89,915,556 ","  356,081,579 "
74,7407,WAKATOBI,kabupaten,1,6,5,3,12,"  15,919,719 ","  95,303,010 ","  70,976,300 ","  56,394,384 ","  238,593,413 "
74,7408,KOLAKA UTARA,kabupaten,1,6,5,5,12,"  14,192,457 ","  104,868,516 ","  90,890,540 ","  83,377,855 ","  293,329,368 "
74,7409,KONAWE UTARA,kabupaten,2,8,5,4,15,"  29,863,590 ","  148,538,280 ","  84,921,415 ","  62,116,368 ","  325,439,653 "
74,7410,BUTON UTARA,kabupaten,1,6,3,2,10,"  17,199,638 ","  99,036,594 ","  52,681,794 ","  36,089,384 ","  205,007,410 "
74,7411,KOLAKA TIMUR,kabupaten,3,10,5,2,18,"  53,621,577 ","  159,092,210 ","  78,137,195 ","  33,835,008 ","  324,685,990 "
74,7412,KONAWE KEPULAUAN,kabupaten,2,9,5,3,16,"  36,119,118 ","  141,983,856 ","  80,680,670 ","  48,233,628 ","  307,017,272 "
74,7413,MUNA BARAT,kabupaten,2,6,3,4,11,"  36,641,028 ","  108,860,220 ","  55,910,178 ","  62,786,220 ","  264,197,646 "
74,7414,BUTON TENGAH,kabupaten,1,10,4,3,15,"  17,691,595 ","  141,503,670 ","  75,338,036 ","  45,062,427 ","  279,595,728 "
74,7415,BUTON SELATAN,kabupaten,3,10,6,4,19,"  53,057,913 ","  179,705,800 ","  92,929,692 ","  74,370,928 ","  400,064,333 "
74,7471,KOTA KENDARI,kabupaten,2,7,6,5,15,"  32,414,124 ","  98,340,760 ","  111,117,642 ","  94,931,490 ","  336,804,016 "
74,7472,KOTA BAU BAU,kabupaten,1,8,4,3,13,"  17,784,380 ","  143,906,968 ","  75,560,244 ","  45,284,196 ","  282,535,788 "
75,7501,GORONTALO,kabupaten,1,10,5,6,16,"  16,790,950 ","  187,335,990 ","  76,665,480 ","  112,454,244 ","  393,246,664 "
75,7502,BOALEMO,kabupaten,3,10,5,2,18,"  44,761,002 ","  181,500,400 ","  71,627,860 ","  33,055,088 ","  330,944,350 "
75,7503,BONE BOLANGO,kabupaten,1,6,5,3,12,"  18,349,023 ","  108,405,666 ","  76,171,740 ","  56,051,694 ","  258,978,123 "
75,7504,POHUWATO,kabupaten,1,8,5,4,14,"  15,785,373 ","  138,224,280 ","  88,426,320 ","  62,038,792 ","  304,474,765 "
75,7505,GORONTALO UTARA,kabupaten,1,9,3,4,13,"  18,891,145 ","  167,854,491 ","  47,871,051 ","  59,035,588 ","  293,652,275 "
75,7571,KOTA GORONTALO,kabupaten,2,7,6,5,15,"  35,075,498 ","  100,088,422 ","  93,522,702 ","  94,902,335 ","  323,588,957 "
76,7601,PASANGKAYU,kabupaten,2,8,5,5,15,"  28,908,606 ","  140,951,304 ","  92,375,100 ","  90,437,745 ","  352,672,755 "
76,7602,MAMUJU,kabupaten,2,10,6,2,18,"  30,404,080 ","  150,081,640 ","  96,987,804 ","  30,735,990 ","  308,209,514 "
76,7603,MAMASA,kabupaten,2,10,4,5,16,"  34,701,376 ","  165,587,420 ","  73,128,544 ","  86,620,300 ","  360,037,640 "
76,7604,POLEWALI MANDAR,kabupaten,2,10,4,6,16,"  32,857,810 ","  166,868,640 ","  69,288,092 ","  105,585,006 ","  374,599,548 "
76,7605,MAJENE,kabupaten,3,8,6,5,17,"  56,101,857 ","  129,930,768 ","  89,172,978 ","  90,110,220 ","  365,315,823 "
76,7606,MAMUJU TENGAH,kabupaten,2,8,6,5,16,"  28,032,100 ","  125,472,848 ","  84,419,310 ","  81,256,915 ","  319,181,173 "
81,8101,MALUKU TENGAH,kabupaten,1,9,4,6,14,"  14,515,547 ","  149,006,889 ","  57,608,648 ","  94,895,034 ","  316,026,118 "
81,8102,MALUKU TENGGARA,kabupaten,1,6,6,2,13,"  14,890,247 ","  107,593,038 ","  87,356,568 ","  29,323,654 ","  239,163,507 "
81,8103,KEPULAUAN TANIMBAR,kabupaten,1,9,4,2,14,"  18,031,835 ","  128,252,268 ","  56,372,088 ","  31,159,016 ","  233,815,207 "
81,8104,BURU,kabupaten,3,9,3,4,15,"  54,299,886 ","  152,104,266 ","  43,235,031 ","  74,783,788 ","  324,422,971 "
81,8105,SERAM BAGIAN TIMUR,kabupaten,1,10,6,5,17,"  14,997,559 ","  143,461,430 ","  84,784,104 ","  86,599,065 ","  329,842,158 "
81,8106,SERAM BAGIAN BARAT,kabupaten,3,6,3,2,12,"  42,682,260 ","  112,862,592 ","  54,532,929 ","  37,236,346 ","  247,314,127 "
81,8107,KEPULAUAN ARU,kabupaten,2,10,3,3,15,"  33,379,556 ","  189,711,800 ","  44,413,224 ","  49,934,865 ","  317,439,445 "
81,8108,MALUKU BARAT DAYA,kabupaten,2,7,4,6,13,"  32,746,072 ","  116,223,688 ","  56,345,368 ","  109,763,028 ","  315,078,156 "
81,8109,BURU SELATAN,kabupaten,1,10,6,3,17,"  16,350,763 ","  140,007,900 ","  103,985,646 ","  45,548,790 ","  305,893,099 "
81,8171,KOTA AMBON,kabupaten,1,7,6,3,14,"  18,665,198 ","  101,123,253 ","  110,758,524 ","  56,277,384 ","  286,824,359 "
81,8172,KOTA TUAL,kabupaten,2,7,3,4,12,"  34,328,574 ","  106,140,230 ","  49,471,698 ","  59,224,208 ","  249,164,710 "
82,8201,HALMAHERA BARAT,kabupaten,2,7,3,6,12,"  29,905,272 ","  112,670,936 ","  48,379,827 ","  110,417,784 ","  301,373,819 "
82,8202,HALMAHERA TENGAH,kabupaten,3,8,3,3,14,"  48,759,063 ","  146,522,576 ","  52,862,766 ","  53,695,497 ","  301,839,902 "
82,8203,HALMAHERA UTARA,kabupaten,3,10,6,5,19,"  44,853,096 ","  172,984,280 ","  110,047,008 ","  70,871,135 ","  398,755,519 "
82,8204,HALMAHERA SELATAN,kabupaten,2,9,4,6,15,"  34,548,254 ","  147,007,224 ","  61,855,368 ","  88,019,352 ","  331,430,198 "
82,8205,KEPULAUAN SULA,kabupaten,3,7,3,4,13,"  56,173,152 ","  104,125,763 ","  50,090,265 ","  71,667,652 ","  282,056,832 "
82,8206,HALMAHERA TIMUR,kabupaten,3,7,6,5,16,"  43,310,862 ","  99,074,458 ","  108,154,680 ","  70,949,815 ","  321,489,815 "
82,8207,PULAU MOROTAI,kabupaten,1,7,5,5,13,"  17,989,930 ","  100,368,254 ","  77,987,510 ","  86,804,975 ","  283,150,669 "
82,8208,PULAU TALIABU,kabupaten,3,7,6,5,16,"  43,186,191 ","  123,484,382 ","  88,432,086 ","  76,869,250 ","  331,971,909 "
82,8271,KOTA TERNATE,kabupaten,2,8,6,4,16,"  32,538,752 ","  124,727,304 ","  95,189,556 ","  67,777,508 ","  320,233,120 "
82,8272,KOTA TIDORE KEPULAUAN,kabupaten,2,10,3,4,15,"  29,491,200 ","  157,527,530 ","  49,685,250 ","  72,441,664 ","  309,145,644 "
91,9103,JAYAPURA,kabupaten,2,7,6,4,15,"  29,619,776 ","  119,126,840 ","  108,689,628 ","  58,355,452 ","  315,791,696 "
91,9105,KEPULAUAN YAPEN,kabupaten,2,8,5,3,15,"  32,365,008 ","  113,926,232 ","  90,339,680 ","  48,439,737 ","  285,070,657 "
91,9106,BIAK NUMFOR,kabupaten,3,6,6,5,15,"  45,642,936 ","  109,806,594 ","  106,020,744 ","  74,272,205 ","  335,742,479 "
91,9110,SARMI,kabupaten,3,9,6,5,18,"  43,144,638 ","  137,514,465 ","  101,157,078 ","  87,689,655 ","  369,505,836 "
91,9111,KEEROM,kabupaten,3,7,5,6,15,"  44,315,913 ","  113,475,383 ","  81,969,200 ","  94,522,872 ","  334,283,368 "
91,9115,WAROPEN,kabupaten,3,7,4,3,14,"  49,463,751 ","  124,950,035 ","  62,298,480 ","  49,997,766 ","  286,710,032 "
91,9119,SUPIORI,kabupaten,1,10,3,5,14,"  15,501,909 ","  162,775,830 ","  42,731,811 ","  88,529,615 ","  309,539,165 "
91,9120,MAMBERAMO RAYA,kabupaten,2,10,5,4,17,"  32,262,688 ","  144,704,980 ","  82,443,625 ","  58,778,832 ","  318,190,125 "
91,9171,KOTA JAYAPURA,kabupaten,1,9,4,4,14,"  16,286,336 ","  143,644,815 ","  62,882,396 ","  66,896,188 ","  289,709,735 "
92,9202,MANOKWARI,kabupaten,3,9,5,3,17,"  43,199,163 ","  132,526,836 ","  84,667,050 ","  54,026,190 ","  314,419,239 "
92,9203,FAK FAK,kabupaten,1,6,5,3,12,"  16,807,322 ","  106,640,496 ","  83,107,390 ","  46,200,615 ","  252,755,823 "
92,9206,TELUK BINTUNI,kabupaten,2,6,4,3,12,"  32,338,842 ","  111,755,124 ","  58,799,836 ","  42,143,274 ","  245,037,076 "
92,9207,TELUK WONDAMA,kabupaten,1,10,6,6,17,"  15,737,405 ","  187,409,250 ","  102,774,996 ","  97,918,386 ","  403,840,037 "
92,9208,KAIMANA,kabupaten,3,7,5,2,15,"  44,035,776 ","  119,479,073 ","  85,283,605 ","  29,008,534 ","  277,806,988 "
92,9211,MANOKWARI SELATAN,kabupaten,2,6,6,3,14,"  32,901,386 ","  108,283,110 ","  99,750,702 ","  52,157,694 ","  293,092,892 "
92,9212,PEGUNUNGAN ARFAK,kabupaten,1,9,3,5,13,"  15,882,130 ","  148,350,042 ","  53,586,975 ","  80,788,270 ","  298,607,417 "
93,9301,MERAUKE,kabupaten,2,6,4,2,12,"  28,753,720 ","  91,464,708 ","  74,908,772 ","  32,930,016 ","  228,057,216 "
93,9302,BOVEN DIGOEL,kabupaten,1,8,3,3,12,"  16,723,343 ","  148,236,672 ","  51,345,849 ","  48,122,484 ","  264,428,348 "
93,9303,MAPPI,kabupaten,1,7,6,2,14,"  15,628,832 ","  116,567,955 ","  110,668,710 ","  32,760,742 ","  275,626,239 "
93,9304,ASMAT,kabupaten,1,10,4,3,15,"  18,414,558 ","  180,738,460 ","  66,687,652 ","  42,910,425 ","  308,751,095 "
94,9401,NABIRE,kabupaten,2,6,6,3,14,"  30,402,690 ","  96,680,712 ","  98,159,202 ","  56,340,717 ","  281,583,321 "
94,9402,PUNCAK JAYA,kabupaten,3,6,3,2,12,"  56,325,012 ","  112,836,198 ","  42,468,072 ","  34,707,292 ","  246,336,574 "
94,9403,PANIAI,kabupaten,3,7,4,6,14,"  49,750,140 ","  132,823,432 ","  65,511,524 ","  101,210,928 ","  349,296,024 "
94,9404,MIMIKA,kabupaten,3,7,6,6,16,"  52,485,378 ","  100,341,955 ","  107,534,796 ","  90,481,044 ","  350,843,173 "
94,9405,PUNCAK,kabupaten,1,7,5,4,13,"  15,255,250 ","  99,733,578 ","  85,497,480 ","  75,247,536 ","  275,733,844 "
94,9406,DOGIYAI,kabupaten,3,8,5,3,16,"  52,578,030 ","  112,034,968 ","  72,669,705 ","  53,873,172 ","  291,155,875 "
94,9407,INTAN JAYA,kabupaten,1,7,5,3,13,"  15,397,003 ","  128,024,211 ","  85,896,195 ","  45,272,940 ","  274,590,349 "
94,9408,DEIYAI,kabupaten,2,7,5,4,14,"  32,627,038 ","  100,351,923 ","  88,448,350 ","  66,975,808 ","  288,403,119 "
95,9501,JAYAWIJAYA,kabupaten,2,7,3,2,12,"  37,878,442 ","  101,753,120 ","  42,173,937 ","  30,741,706 ","  212,547,205 "
95,9502,KAB PEGUNUNGAN BINTANG,kabupaten,3,7,5,2,15,"  49,878,108 ","  127,119,552 ","  94,917,545 ","  32,587,990 ","  304,503,195 "
95,9503,YAHUKIMO,kabupaten,3,7,3,2,13,"  53,943,333 ","  119,564,347 ","  56,261,109 ","  32,756,124 ","  262,524,913 "
95,9504,TOLIKARA,kabupaten,3,8,3,4,14,"  50,050,209 ","  143,625,104 ","  42,334,182 ","  66,976,020 ","  302,985,515 "
95,9505,MAMBERAMO TENGAH,kabupaten,1,10,6,3,17,"  14,887,602 ","  159,838,530 ","  111,437,136 ","  48,439,749 ","  334,603,017 "
95,9506,YALIMO,kabupaten,3,10,6,5,19,"  45,832,653 ","  180,180,160 ","  109,720,806 ","  73,664,735 ","  409,398,354 "
95,9507,LANNY JAYA,kabupaten,3,6,5,5,14,"  55,768,356 ","  111,105,828 ","  73,094,455 ","  80,979,370 ","  320,948,009 "
95,9508,NDUGA,kabupaten,3,8,4,2,15,"  53,944,908 ","  118,867,120 ","  71,188,828 ","  28,544,002 ","  272,544,858 "
96,9601,SORONG,kabupaten,2,7,3,3,12,"  36,541,990 ","  100,142,035 ","  52,175,766 ","  43,302,954 ","  232,162,745 "
96,9602,SORONG SELATAN,kabupaten,3,10,6,2,19,"  49,218,516 ","  164,635,170 ","  98,682,684 ","  36,233,642 ","  348,770,012 "
96,9603,RAJA AMPAT,kabupaten,3,10,3,6,16,"  53,366,421 ","  147,389,030 ","  49,042,308 ","  105,475,740 ","  355,273,499 "
96,9604,TAMBRAUW,kabupaten,2,7,3,2,12,"  32,116,326 ","  131,052,026 ","  50,427,399 ","  37,341,090 ","  250,936,841 "
96,9605,MAYBRAT,kabupaten,1,7,3,5,11,"  16,329,436 ","  118,752,984 ","  43,267,056 ","  83,491,810 ","  261,841,286 "
96,9671,KOTA SORONG,kabupaten,2,9,5,4,16,"  34,279,558 ","  135,206,712 ","  79,828,895 ","  66,113,132 ","  315,428,297 "